[
  {
    "id": 1,
    "type": "Investment ,Personal Finance,All",
    "title": "Maximizing Your Tax Savings: The Art of Legally Reducing Your Tax Liability",
    "date": "8th feb 2023",
    "image": "../../../images/blogs/11.png",
    "image2": "",
    "para1": "When it comes to taxes, nobody likes to pay more than they have to. And that's where tax planning comes into play. Tax planning is a perfectly legal and ethical practice of arranging your finances to minimize your tax liability. By taking advantage of tax deductions, credits, and exemptions, you can legally reduce the amount of tax you owe and keep more of your hard-earned money.",
    "para2": "One of the most common tax planning strategies is deducting your home office expenses if you work from home. If you have a dedicated workspace that you use exclusively for work, you can deduct a portion of your home expenses, such as rent or mortgage interest, property taxes, utilities, and insurance, as a business expense. This is a great way to lower your taxable income and reduce your tax liability.",
    "para3": "Another tax planning strategy is contributing to a retirement plan. By contributing to a retirement plan, you can reduce your taxable income, lower your tax liability, and save for your future at the same time. Plus, there are tax benefits associated with most retirement plans, which means you get a double benefit!",
    "para4": "Timing your income and expenses is also a key tax planning strategy. If you have some control over when you receive income or incur expenses, you can time them to your advantage. For example, you could delay invoicing clients until the end of the year to push the income into the next tax year, or you could prepay some of your expenses to claim the deduction in the current year. This way, you can manage your tax liability and maximize your tax benefits.",
    "para5": "But tax planning is not the same as tax avoidance or tax evasion. Tax avoidance is also a legal way of reducing tax liability, but it often involves exploiting legal loopholes or technicalities in tax laws. While tax avoidance is legal, it can be criticized as it may be seen as exploiting the system to pay less taxes.",
    "para6": "Tax evasion, on the other hand, is an illegal practice of not paying taxes that are legally due. It involves hiding income or assets, providing false information, or not reporting income. Tax evasion can lead to serious consequences, including fines, penalties, and even imprisonment. It's important to understand the difference between tax planning, tax avoidance, and tax evasion to ensure that you are complying with the law.",
    "conclusion": "In conclusion, tax planning is an effective way to reduce your tax liability and keep more of your hard-earned money. By taking advantage of legal tax deductions, credits, and exemptions, you can minimize your tax bill and maximize your tax benefits. Remember to consult with a tax professional to ensure that you are following the tax laws and regulations correctly."
  },
  {
    "id": 2,
    "type": "Industry insights,Investment,All",
    "title": "Financial Instruments vs Equity-Based Financial Instruments: Which is the Better Choice?",
    "date": "3th march 2023",
    "image": "",
    "heading": "Which is the Better Choice?",
    "para1": "When it comes to investing, there are a variety of financial instruments to choose from, but they can be divided into two major categories: fixed-income and equity-based financial instruments. Equity-based financial instruments, like stocks, are more volatile and potentially more profitable. On the other hand, fixed-income securities, like Treasury bonds and certificates of deposit, are deemed more conservative and less risky.",
    "para2": "So, which is the better choice? The answer is that it depends on the individual's investment goals and risk tolerance. In this blog, we'll take a closer look at both types of financial instruments to help you determine which is the best fit for your investment portfolio.",
    "para3": "Choosing between fixed-income and equity-based financial instruments ultimately depends on the individual's investment goals and risk tolerance. Fixed-income securities are generally considered to be less risky, but they also offer lower potential returns. Equity-based financial instruments are more volatile, but they have the potential to generate higher profits.",
    "para4": "Investors who are looking for a steady and predictable source of income may prefer fixed-income securities. On the other hand, investors who are willing to take on more risk in pursuit of higher returns may find equity-based financial instruments more appealing.",
    "conclusion": "In conclusion, both fixed-income and equity-based financial instruments have their own set of benefits and drawbacks. It's important to understand these differences and consider your investment goals and risk tolerance before making any investment decisions. By doing so, you'll be better equipped to build a well-diversified investment portfolio that aligns with your financial objectives.",
    "section1": {
      "heading": "Fixed-Income Financial Instruments",
      "content": {
        "para1": "Fixed-income securities are financial products that offer a fixed rate of return over a set period. The most popular fixed-income securities include Treasury bonds, municipal bonds, corporate bonds, and certificates of deposit. They are considered to be less risky than equity-based financial instruments because they provide a consistent income stream and return the principal at maturity.",
        "para2": "For instance, Treasury bonds are regarded as the safest fixed-income investment on the market due to the US government's full faith and credit support. Municipal bonds are typically viewed as being less risky than corporate bonds, but the creditworthiness of the municipality issuing the bond still affects the interest rate offered to investors."
      }
    },
    "section2": {
      "heading": "Benefits of Fixed-Income Financial Instruments",
      "content": {
        "para1": "One of the main advantages of fixed-income securities is their predictability. Investors can predict their future income as they pay a fixed interest rate. This is particularly advantageous for individuals who rely on a consistent income stream, such as retirees. Additionally, fixed-income securities are generally regarded as being safe investments as investors can rest assured that they will get their principal back at maturity."
      }
    },
    "section3": {
      "heading": "Equity-Based Financial Instruments",
      "content": {
        "para1": "Equity-based financial instruments, like stocks, mutual funds, and exchange-traded funds (ETFs), are more volatile than fixed-income securities, but they also offer greater potential for profit. The value of these investments is determined by the performance of the underlying company or market. Investors can earn returns through dividends or by selling their shares at a higher price than they purchased them for."
      }
    },
    "section4": {
      "heading": "Benefits of Equity-Based Financial Instruments",
      "content": {
        "para1": "The primary benefit of equity-based financial instruments is their potential for higher returns. While they may be more volatile than fixed-income securities, they offer the possibility of generating significant profits over time. Additionally, equity-based financial instruments provide investors with a stake in the underlying company, which means they have a say in the decision-making process."
      }
    }
  },
  {
    "id": 3,
    "type": "Personal Finance,Economy and Markets,All",
    "title": "Loan Syndication vs Consortium Finance: Understanding the Differences and Benefits",
    "date": "10th march 2023",
    "image": "",
    "para1": "When it comes to financing, companies have various options available, such as loans, grants, and venture capital. However, for large-scale projects, sometimes a single lender may not be able to provide the necessary funds, and that's where multiple lenders come into play. Loan syndication and consortium finance are two forms of financing that involve multiple lenders pooling their resources together to provide the necessary funds. While these two options may sound similar, they have distinct differences that every borrower should understand.",
    "para2": "Loan syndication involves one bank, called the lead bank, originating a loan and then inviting other banks to participate in the syndicate. Each bank in the syndicate takes a portion of the loan and shares in the risks and rewards of the loan. The lead bank coordinates the loan's terms, covenants, and other specifics. Loan syndications typically operate internationally and manage financing in several currencies.",
    "para3": "Consortium finance, on the other hand, involves multiple lenders jointly funding a borrower's project or investment, with no lead bank. Each lender takes an equal stake in the financing, and there is no coordination of loan terms or covenants. Consortiums are usually limited to the boundaries of a specific country and are not designed for international transactions.",
    "para4": "So, which one should you choose? Well, it depends on the nature of your project or investment. Loan syndication may be the better option if you're dealing with large sums of money and require international financing. However, if the scale of your project is too high for a single lender to take on, consortium finance may be the way to go. Consortiums enable smaller banks to take on more extensive projects by pooling their assets.",
    "para5": "One significant drawback of loan syndication is the amount of time it takes to assemble the syndicate and get clearance, which can take several days or even weeks. Consortium finance, on the other hand, is a faster process because there is no need for coordination between lenders.",
    "conclusion": "In conclusion, when it comes to financing large-scale projects or investments, loan syndication and consortium finance are two viable options to consider. Both have their advantages and disadvantages, and the decision of which to choose ultimately depends on the project's nature and requirements. Whether you go with loan syndication or consortium finance, the goal is to secure the necessary funds and successfully complete your project."
  },
  {
    "id": 4,
    "type": "Personal Finance,Investment,All",
    "title": "Why Portfolio Diversification is Crucial for Long-Term Investment Growth",
    "date": "10th march 2023",
    "image": "",
    "para1": "Investing your hard-earned money can be a daunting task, especially when market fluctuations and unpredictable events can quickly impact your investment returns. However, one investment strategy that can help manage these risks and boost the likelihood of long-term growth is portfolio diversification.",
    "para2": "Portfolio diversification is the practice of spreading your investments across multiple assets, such as stocks, bonds, commodities, real estate, and more. The idea behind this strategy is to lower the overall risk of your portfolio by reducing the impact of any one investment performing poorly.",
    "para3": "But why is portfolio diversity crucial for long-term investment growth? Here are a few reasons:",
    "para4": "Maximizes Opportunities: By diversifying your portfolio, you can benefit from many investment opportunities that you might miss by exclusively investing in one asset class. For example, if you only invest in stocks, you may overlook the potential advantages of bonds or real estate investments.",
    "para5": "Enhances Return Stability: Diversification can help enhance a portfolio's return stability. Even if one investment in a diverse portfolio sees a sharp decrease in value, the other investments may be able to partially balance the losses and keep the portfolio's value stable.",
    "para6": "Lowers Overall Risk: Another benefit of diversification is that it can help lower a portfolio's overall risk. By investing in a variety of assets that respond differently under various market conditions, an investor can lessen the impact of any one asset class or investment performing poorly.",
    "para7": "Now that you understand why diversification is essential for long-term investment growth, let's explore some strategies for diversifying your portfolio:",
    "para8": "Invest in a variety of asset classes: Diversify your portfolio by investing in multiple asset classes, including stocks, bonds, commodities, and real estate.",
    "para9": "Invest across multiple industries: To diversify your stock portfolio, buy stocks from businesses in a range of industries, including technology, healthcare, finance, and energy.",
    "para10": "Invest across multiple geographies: Investing in businesses that are based across the globe can enable you to benefit from various global economic growth prospects.",
    "para11": "Consider using a variety of investment vehicles: Use mutual funds, exchange-traded funds (ETFs), and other types of investments to further diversify your portfolio.",
    "para12": "However, it's important to remember a few key principles when diversifying your portfolio. First, invest in assets that have low correlations with one another, as this can further lessen risk. Second, don't overly diversify your portfolio, as this can minimize the impact of the best-performing investments and reduce returns.",
    "para13": "In summary, portfolio diversification is a critical tactic for controlling investment risk and boosting the likelihood of long-term growth. By diversifying your holdings across various industries, regions, and investment vehicles, you can increase risk-adjusted returns and maximize investment opportunities while lowering overall risk."
  },
  {
    "id": 5,
    "type": "Startups,Investment,Personal Finance,All",
    "title": "Investing in Startup Investment Platforms: A Path to Achieving Your Wealth Creation Goals",
    "date": "8th feb 2023",
    "image": "",
    "para1": "Investing in startups is an exciting way to potentially grow your wealth creation goals. In the past, investing in startups was only accessible to a limited group of wealthy individuals and venture capitalists. However, with the advent of startup investment platforms, the playing field has been levelled, allowing everyday investors to invest in early-stage companies.",
    "para2": "In this blog, we'll explore how investing in startup investment platforms can help you achieve your wealth creation goals and provide examples of successful companies that have been funded through these platforms.",
    "section1": {
      "heading": "What are Startup Investment Platforms?",
      "content": {
        "para1": "Startup investment platforms are online platforms that enable everyday investors to invest in startups in exchange for equity or other forms of financial returns. These platforms have transformed the investment landscape by making early-stage investing more accessible to a broader range of people.",
        "para2": "These platforms typically allow investors to invest small amounts of money in a variety of startups, thereby reducing their risk exposure. They also provide investors with access to early-stage companies that they would otherwise not have access to, and in some cases, provide investors with opportunities to participate in the growth of the company by becoming shareholders."
      }
    },
    "section2": {
      "heading": "Benefits of Investing in Startup Investment Platforms",
      "content": {
        "para1": "Diversification: One of the primary benefits of investing in startup investment platforms is diversification. By investing in a variety of startups, investors can spread their risk exposure and reduce the impact of any single investment's failure.",
        "para2": "High potential returns: Startups are high-risk investments, but they also have the potential to provide high returns. Successful startups can provide investors with returns that significantly exceed the returns of traditional investments such as stocks and bonds.",
        "para3": "Access to early-stage companies: Startup investment platforms provide investors with access to early-stage companies that would typically only be available to venture capitalists and high net worth individuals.",
        "para4": "Impactful investing: Investing in startups can also be a way to support innovative companies that are tackling important issues such as climate change, healthcare, and education."
      }
    },
    "section3": {
      "heading": "Examples of Successful Companies Funded through Startup Investment Platforms",
      "content": {
        "para1": "Oculus VR: Oculus VR is a virtual reality company that was acquired by Facebook for $2 billion in 2014. The company was initially funded through a Kickstarter campaign that raised $2.4 million from 9,522 backers.",
        "para2": "PillPack: PillPack is an online pharmacy that was acquired by Amazon for $1 billion in 2018. The company was initially funded through a SeedInvest campaign that raised $8.8 million.",
        "para3": "Ring: Ring is a home security company that was acquired by Amazon for $1 billion in 2018. The company was initially funded through a SeedInvest campaign that raised $5.7 million.",
        "para4": "Modern Meadow: Modern Meadow is a biotech company that produces leather without animals. The company was initially funded through a Bioeconomy Capital campaign that raised $53.5 million."
      }
    },
    "section4": {
      "heading": "Conclusion",
      "content": {
        "para1": "Investing in startup investment platforms is an exciting way to potentially achieve your wealth creation goals. These platforms provide investors with access to early-stage companies, diversification, high potential returns, and the opportunity to make impactful investments.",
        "para2": "However, it's important to remember that investing in startups is a high-risk investment. It's essential to do your research, diversify your investments, and have a long-term perspective. With the right approach, investing in startup investment platforms can be a rewarding way to grow your wealth creation goals and support innovative companies that are making a positive impact."
      }
    }
  },
  {
    "id": 6,
    "type": "Startups,Investment,Personal Finance,All",
    "title": "Dividends in Startups: Benefits, Challenges, and Considerations",
    "date": "8th feb 2023",
    "image": "",
    "para1": "When it comes to startups, the focus is usually on growth and expansion. However, dividends, which are payments made to shareholders out of a company's profits, can be an important consideration for both the company and its investors. In this article, we'll explore the benefits, challenges, and considerations of dividends in startups.",
    "para2": "First, let's define dividends. When a company earns a profit, it has several options for what to do with that money. It can reinvest the profits back into the business to fuel growth and expansion, pay down debt, or distribute the profits to shareholders in the form of dividends. Dividends are typically paid out on a regular basis, such as quarterly or annually, and can take the form of cash payments or stock dividends.",
    "para3": "So why do dividends matter? For starters, they provide a tangible return on investment for shareholders. By receiving regular dividend payments, shareholders can see a direct benefit from their investment in the company. Dividends can also be a signal of a company's financial health, as profitable companies with strong cash flow can afford to pay regular dividends. Finally, dividends can help attract and retain investors who are looking for more stable and predictable returns.",
    "para4": "But what about dividends in startups? While dividends are typically associated with mature, established companies, startups can also benefit from paying dividends. However, one of the main challenges with paying dividends in startups is that many startups are not yet profitable. In fact, most startups operate at a loss for several years before eventually turning a profit. In these cases, paying dividends is not an option.",
    "para5": "Once a startup reaches profitability, paying regular dividends can be a viable option. By doing so, a startup can provide a return on investment for its shareholders and signal its financial health to potential investors. However, startups that are focused on growth and expansion may choose to reinvest their profits back into the business rather than paying dividends, as reinvesting profits can fuel growth and help the company achieve its long-term goals.",
    "para6": "There are several challenges that startups face when it comes to paying dividends. For one, startups may not have enough cash on hand to pay regular dividends, especially if they are growing quickly and need to invest heavily in the business to sustain that growth. Additionally, startups may not have a consistent track record of profitability, which can make it difficult to attract and retain investors who are looking for stable and predictable returns.",
    "para7": "Despite these challenges, there are benefits to paying dividends in startups. For starters, dividends provide a tangible return on investment for shareholders, which can be particularly appealing to investors who are looking for more stable and predictable returns. Additionally, paying dividends can help attract and retain investors who may be more interested in investing in companies that pay regular dividends, as this can be a signal of financial health and stability.",
    "para8": "Ultimately, the decision to pay dividends in startups will depend on a variety of factors, including the company's growth potential, financial health, and cash flow. Startups that have reached a certain level of maturity and stability may choose to pay dividends, while those that are focused on growth and expansion may prioritize reinvesting profits back into the business. It's important for startups to carefully consider the benefits and challenges of paying dividends and make a decision that is in the best interest of the company and its shareholders.",
    "para9": "So, what are some examples of startups that have paid dividends? One notable example is Spotify, which began paying dividends to shareholders in 2018 after reaching profitability. Another example is Square, which began paying dividends in 2019 after several years of growth and expansion. While dividends may not be the norm for startups, they can be a valuable tool for companies looking to provide a return on investment for shareholders and signal their financial health to potential investors."
  },
  {
    "id": 7,
    "type": "Industry insights,Personal Finance,All",
    "title": "Invest in Emerging Markets like a Financial Genius.",
    "date": "8th feb 2023",
    "image": "",
    "para1": "Welcome to the exciting world of emerging market investing! Are you considering investing in emerging markets? If you are looking to diversify your investment portfolio and take advantage of potentially high growth rates, you have come to the right place.",
    "section1": {
      "heading": "Section 1: Understanding Emerging Markets",
      "content": {
        "para1": "First things first, let's define what we mean by emerging markets. These are nations that are in the process of reaching full development yet are undergoing fast economic growth and development. They frequently have young populations, a burgeoning middle class, and a voracious hunger for cutting-edge products.",
        "para2": "However, it is crucial to comprehend the particular risks and constraints associated with investing in these markets. In this manual, we will further discuss the information you need to make wise financial choices."
      }
    },
    "section2": {
      "heading": "Section 2: What to Consider Before You Invest in Emerging Markets",
      "content": {
        "para1": "When investing in emerging markets, it is important to carefully consider the risks and potential rewards. Here are some of the key factors to keep in mind:",
        "list": {
          "point1": "Political Stability: As we just noted, many emerging economies are situated in politically unstable areas. It is critical to evaluate the political risk of the nation or area you are thinking about investing in before making a decision. Watch out for things like political upheaval, military coups, and changes in the government because they can all have an effect on the economy and the returns on your investments.",
          "point2": "Economic Growth Prospects: The potential for high growth rates is one of the primary reasons to invest in emerging markets. Yet not every emerging market is the same. Be on the lookout for nations with predictable economic development prospects, a rising middle class, and rising disposable income.",
          "point3": "Potential Risks: In addition to political instability, emerging markets also come with unique risks such as currency risk, liquidity risk, and geopolitical risk. Be aware of these risks before investing and consider how they might impact your investment returns.",
          "point4": "Diversification: The secret to successful investing is diversification, and this is especially true when it comes to emerging markets. Think about making investments in a range of emerging markets in addition to traditional asset classes like stocks and bonds."
        }
      }
    },
    "section3": {
      "heading": "Section 3: How to Invest in Emerging Markets",
      "content": {
        "para1": "Now that you understand the risks and rewards of investing in emerging markets, let us take a look at how to invest. Here are three common methods:",
        "para2": "Individual Stocks: If you feel confident selecting individual stocks, you could want to invest in emerging market businesses with solid fundamentals and a history of success. Remember that this strategy involves more investigation and study than other investment strategies.",
        "para3": "Index Funds: If choosing individual stocks makes you uncomfortable, think about investing in index funds that follow the performance of an entire market or index. For individuals who want a more hands-off approach to investing, this can provide broad exposure to a range of emerging markets.",
        "para4": "Mutual Funds: A sort of investment vehicle, mutual funds pool the funds of numerous investors to buy securities. They are a fantastic alternative for people who want to invest in emerging economies but lack the time or ability to choose individual stocks because they can provide diversification and competent management."
      }
    },
    "section4": {
      "heading": "Section 4: Emerging Market Exchanges",
      "content": {
        "para1": "When investing in emerging markets, it is important to understand the major exchanges in these markets. Here are some of the key exchanges to be aware of:",
        "para2": "B3 (Brazil): B3 is one of the world's largest developing market exchanges and the biggest stock exchange in Latin America. The exchange is home to some of the biggest businesses in Brazil and provides exposure to a number of industries, including financials, consumer goods, and the energy sector.",
        "para3": "Shanghai Stock Exchange (China): One of the biggest stock exchanges in the world, the Shanghai Stock Exchange is the biggest in China. It provides exposure to a range of industries, including technology, energy, and financials."
      }
    }
  },
  {
    "id": 8,
    "type": "Startup,Investment,Personal Finance,All",
    "title": "Angel Investors vs Venture Capitalists: Understanding the Key Differences for Startup Funding",
    "date": "8th feb 2023",
    "image": "",
    "para1": "When it comes to funding a startup, entrepreneurs have several options available, including venture capitalists and angel investors. However, these two options differ significantly in terms of their funding process, objectives, level of involvement, and exit strategy.",
    "para2": "Venture capitalists typically invest in later-stage funding rounds, such as Series A, B, or C rounds, where the firm has already acquired some momentum and is looking to scale. Angel investors, on the other hand, can invest in earlier stages, like seed or pre-seed rounds, and may be more inclined to invest in startups that aren't yet making money.",
    "para3": "Before making an investment decision, venture capitalists typically conduct extensive research and analysis as part of the due diligence process, whereas angel investors could depend more on their personal relationships and instincts. Venture capitalists frequently aim for a rapid return on investment and a profitable exit within five to seven years, such as an IPO or acquisition. Angel investors, on the other hand, could be more adaptable in their exit plans and have a shorter investment horizon.",
    "para4": "Their level of involvement in the businesses they invest in is another important distinction between venture capitalists and angel investors. Venture capitalists are typically more involved, frequently serving on the board of directors and advising and mentoring the management team. Angel investors might be less interested in the business's daily operations, but they may give the management team counsel and guidance and leverage their personal networks and connections to support the expansion and success of the business.",
    "para5": "It's important to keep in mind, though, that not all venture capitalists or angel investors are alike. Their investment criteria, amount of involvement, and funding procedure methodology can vary greatly. Additionally, both venture capitalists and angel investors may have difficult requirements and expectations for businesses to meet.",
    "para6": "Entrepreneurs should carefully assess their objectives and demands when selecting a funding source. They also need to be equipped to deal with the particular difficulties and opportunities the startup finance sector presents. Companies can access funding options besides venture capitalists and angel investors, such as crowdfunding, grants, or loans from public or private institutions.",
    "conclusion": "In conclusion, venture capitalists and angel investors can offer firms crucial financial support and assistance. Therefore, it's crucial for business owners to thoroughly weigh their options and select the funding solution that most closely fits their objectives and requirements. Startups should increase the likelihood of their development and success by conducting in-depth research and due diligence, networking with possible investors, and negotiating the terms of the investment agreement."
  },
  {
    "id": 9,
    "type": "Personal Finance,Investment,Industry insights,All",
    "title": "Private equity - a forward-looking approach",
    "date": "8th feb 2023",
    "image": "",
    "heading": "",
    "para1": "If you're a savvy investor or business owner, you've probably heard of private equity. But what exactly is it, and how does it work? Private equity is a type of investment in which funds are raised from investors and used to buy stock in privately owned businesses or turn them into private ones. Private equity firms usually have sizable financial reserves that they utilize to invest in businesses they perceive to have a great deal of potential for profitable expansion.",
    "para2": "Private equity funds operate by first raising capital from investors through a private equity fund, which is run by a private equity firm. The private equity firm typically has a group of investment experts who focus on finding potential assets and overseeing the fund's investments. Once the necessary funds have been raised, the private equity firm will begin looking for firms to invest in, often targeting companies with strong growth potential or those that are undervalued.",
    "para3": "Extensive research is conducted to analyze the company's management team, financial condition, and development potential. If the private equity firm decides to invest in a company, they typically acquire a substantial chunk of the company's stock, becoming the majority shareholder. Private equity firms often try to enhance the business' operations, streamline its procedures, and find new sources of revenue.",
    "para4": "Private equity can provide companies with access to funds that can be used to finance growth and expansion. Additionally, private equity companies may offer knowledge and resources that can assist businesses in refining their operations and improving profitability. Private equity can also occasionally prevent bankruptcy or insolvency for struggling businesses.",
    "para5": "However, there are some potential drawbacks to private equity. Private equity investments can be illiquid, making it problematic to sell them and obtain your money back right away. Additionally, hefty fees and expenses associated with private equity investing may reduce your earnings.",
    "conclusion": "In conclusion, private equity has a lot to offer both investors and businesses, but there are also potential risks and drawbacks. It's crucial to complete your study and understand the risks and potential rewards before investing in private equity. If you're considering accepting private equity investment for your firm, carefully consider the terms and conditions of the investment and how they could affect your business' operations and long-term prospects. Private equity can be a forward-looking approach for investors and businesses alike, but it's important to approach it with caution and due diligence.",
    "para7": "",
    "section1": {
      "heading": "",
      "content": {
        "para1": "",
        "para2": ""
      }
    },
    "section2": {
      "heading": "",
      "content": {
        "para1": "",
        "para2": ""
      }
    },
    "section3": {
      "heading": "",
      "content": {
        "para1": "",
        "para2": ""
      }
    },
    "section4": {
      "heading": "",
      "content": {
        "para1": "",
        "para2": ""
      }
    }
  },
  {
    "id": 10,
    "type": "Startups,Personal Finance,Economy and Markets,All",
    "title": "How to Ride the Startup Wave and Make Money: An Investor's Guide to IPOs and Stock Market",
    "date": "8th feb 2023",
    "image": "",
    "heading": "",
    "para1": "Are you tired of watching from the sidelines as others make a fortune in the stock market? Ready to invest in startups and initial public offerings? You're in the correct place, then! We'll demonstrate how to profit from the startup trend and the stock market in this tutorial. It's going to be a fantastic ride, so buckle up!",
    "para2": "Understanding IPOs",
    "para3": "So, what's an IPO, you ask? It's like the coming out party for a private company, where they raise capital by offering shares to the public for the first time. Consider it a debutante ball for new businesses. But make sure you complete your research before going all-in. IPOs vary widely from one another. These are some things to think about:",
    "para4": "Finances of the business: Is the business successful? Do they have a good track record with money?",
    "para5": "The administration: Who's in charge here? Are they dependable and experienced?",
    "para6": "The possibility for growth: Does their product or service have a market? How is the competition?",
    "para7": "Market circumstances and business trends: Is the sector expanding? Exist any potential threats or difficulties the business might run into?",
    "para8": "The company's valuation: Is the company's stock priced fairly? How does it compare to similar companies in the industry?",
    "section1": {
      "heading": "Subtopic 2: Understanding Stock Market Investing",
      "content": {
        "para1": "Let's now discuss the stock market. It resembles a big online market where shares (aka ownership in a company) of corporations are traded. But don't be intimidated by that! With a little know-how, you can invest like a pro. Here are a few things to keep in mind:",
        "para2": "Diversify, diversify, diversify: Never, ever, ever put all of your eggs in one basket. Diversify the firms, sectors, and asset classes in which you invest.",
        "para3": "Pay attention to the market: Keep an eye on market movements, political, economic, and other news that may have an impact on your assets.",
        "para4": "Develop a long-term plan: Avoid getting sucked into momentary market swings. Stay the course and keep your sights on the goal.",
        "para5": "Don't allow feelings to influence your choices: the three f's: fear, greed, and FOMO are common emotions in the stock market. But don't let them drive your investment decisions."
      }
    },
    "section2": {
      "heading": "Subtopic 3: Investing in Startups",
      "content": {
        "para1": "Let's move on to the exciting part now: investing in startups. Without the fancy job title, it's like being a venture capitalist. It's a high-risk, high-reward game, so use caution. These are some things to think about:",
        "para2": "Exercise due diligence: Investigate the business, the sector, the management, and any other elements that might influence your investment.",
        "para3": "Consider making an investment via a fund: A venture capital fund, for example, offers access to a portfolio of firms and can help you lower risk when you invest through it.",
        "para4": "Be on the lookout for IPOs: You can purchase shares of a startup when it goes public on the stock market. It's comparable to entering on the first floor.",
        "para5": "Invest through online platforms: You can access resources by using websites like Mynt Invest which gives you  access to early-stage investments and make the process easy and convenient."
      }
    },
    "section3": {
      "heading": "Conclusion:",
      "content": {
        "para1": "Congratulations, you've made it to the end of the guide! We hope you're feeling more confident about investing in IPOs and the stock market. Just remember to do your research, diversify your investments, and keep a long-term perspective.",
        "para2": "And if you're ready to start investing in startups, consider using online investment platforms like Mynt Invest, which can help you get into early stage investments and diversify your portfolio. With Mynt Invest, you can easily browse through a range of startup investment options, compare their financials, management, and growth potential, and invest in the ones that align with your investment strategy.",
        "para3": "Investing can be a thrilling journey with many opportunities for growth and wealth creation. With the right knowledge, research, and strategy, you can make informed investment decisions and achieve long-term success in the stock market. So take the first step today and start exploring your investment options!"
      }
    },
    "section4": {
      "heading": "",
      "content": {
        "para1": "",
        "para2": ""
      }
    }
  },
  {
    "id": 11,
    "type": "Personal Finance,Investment,All",
    "title": "From Rags to Riches: The Success Stories of Startups and Their Investors",
    "date": "8th feb 2023",
    "image": "",
    "heading": "",
    "para1": "Startups have been the driving force of innovation and growth in the business world. The stories of successful startups and their investors are often celebrated, as they provide inspiration to entrepreneurs and investors alike. In this blog, we will take a look at some of the most successful startups and how their investors made a significant amount of money.",
    "para2": "",
    "para3": "",
    "para4": "",
    "para5": "",
    "para6": "",
    "para7": "",
    "section1": {
      "heading": "Facebook",
      "content": {
        "para1": "Facebook was founded in 2004 by Mark Zuckerberg, Eduardo Saverin, Andrew McCollum, Dustin Moskovitz, and Chris Hughes. The social media giant has over 2.7 billion active users and a market capitalization of over $1 trillion. In 2005, Facebook raised $12.7 million from Accel Partners, giving them a 10% stake in the company. In 2012, Accel Partners sold their shares for $9.23 billion, making a profit of over 700 times their initial investment.",
        "para2": ""
      }
    },
    "section2": {
      "heading": "Google",
      "content": {
        "para1": "Google was founded in 1998 by Larry Page and Sergey Brin while they were Ph.D. students at Stanford University. The search engine giant has a market capitalization of over $1.5 trillion. In 1999, Google raised $25 million from venture capital firms Kleiner Perkins and Sequoia Capital, giving them a 12.5% stake in the company. In 2004, the two firms sold their shares for $5.3 billion, making a profit of over 200 times their initial investment.",
        "para2": ""
      }
    },
    "section3": {
      "heading": "Uber",
      "content": {
        "para1": "Uber was founded in 2009 by Travis Kalanick and Garrett Camp. The ride-hailing company has a market capitalization of over $80 billion. In 2010, Uber raised $1.25 million from investors including First Round Capital, giving them a 20% stake in the company. In 2016, First Round Capital sold their shares for $6.6 billion, making a profit of over 5,000 times their initial investment.",
        "para2": ""
      }
    },
    "section4": {
      "heading": "Airbnb",
      "content": {
        "para1": "Airbnb was founded in 2008 by Brian Chesky, Joe Gebbia, and Nathan Blecharczyk. The vacation rental platform has a market capitalization of over $90 billion. In 2010, Airbnb raised $7.2 million from investors including Sequoia Capital, giving them a 15% stake in the company. In 2015, Sequoia Capital sold their shares for $3 billion, making a profit of over 400 times their initial investment.",
        "para2": ""
      }
    },
    "section5": {
      "heading": "SpaceX",
      "content": {
        "para1": "SpaceX was founded in 2002 by Elon Musk. The space exploration company has a valuation of over $74 billion. In 2008, SpaceX raised $20 million from Founders Fund, giving them a 10% stake in the company. In 2019, Founders Fund sold their shares for $2 billion, making a profit of over 100 times their initial investment.",
        "para2": "These success stories show the incredible potential for investors to make significant profits by investing in startups with a strong vision and business model. "
      }
    }
  },
  {
    "id": 12,
    "type": "Startups,Investment,Personal Finance,All",
    "title": "Angel Investing: How These Investors Made a Fortune By Backing Promising Startups",
    "date": "8th feb 2023",
    "image": "",
    "heading": "",
    "para1": "Angel investing has become a popular way for high net worth individuals to invest their money in promising startups with high growth potential. While not without risks, angel investors have been known to make significant profits by backing the right companies. In this blog, we'll take a look at some successful startups that have made their angel investors a fortune.",
    "para2": "One of the most common tax planning strategies is deducting your home office expenses if you work from home. If you have a dedicated workspace that you use exclusively for work, you can deduct a portion of your home expenses, such as rent or mortgage interest, property taxes, utilities, and insurance, as a business expense. This is a great way to lower your taxable income and reduce your tax liability.",
    "para3": "Another tax planning strategy is contributing to a retirement plan. By contributing to a retirement plan, you can reduce your taxable income, lower your tax liability, and save for your future at the same time. Plus, there are tax benefits associated with most retirement plans, which means you get a double benefit!",
    "para4": "Timing your income and expenses is also a key tax planning strategy. If you have some control over when you receive income or incur expenses, you can time them to your advantage. For example, you could delay invoicing clients until the end of the year to push the income into the next tax year, or you could prepay some of your expenses to claim the deduction in the current year. This way, you can manage your tax liability and maximize your tax benefits.",
    "para5": "But tax planning is not the same as tax avoidance or tax evasion. Tax avoidance is also a legal way of reducing tax liability, but it often involves exploiting legal loopholes or technicalities in tax laws. While tax avoidance is legal, it can be criticized as it may be seen as exploiting the system to pay less taxes.",
    "para6": "Tax evasion, on the other hand, is an illegal practice of not paying taxes that are legally due. It involves hiding income or assets, providing false information, or not reporting income. Tax evasion can lead to serious consequences, including fines, penalties, and even imprisonment. It's important to understand the difference between tax planning, tax avoidance, and tax evasion to ensure that you are complying with the law.",
    "conclusion": "In conclusion, tax planning is an effective way to reduce your tax liability and keep more of your hard-earned money. By taking advantage of legal tax deductions, credits, and exemptions, you can minimize your tax bill and maximize your tax benefits. Remember to consult with a tax professional to ensure that you are following the tax laws and regulations correctly.",
    "section1": {
      "heading": "Dropbox",
      "content": {
        "para1": "Dropbox was founded in 2007 by Drew Houston and Arash Ferdowsi. The file-sharing company has over 700 million registered users and a market capitalization of over $8 billion. In 2008, Dropbox raised $1.2 million from angel investors including Sequoia Capital and Accel Partners. They sold their shares in 2014 for $350 million, making a profit of over 290 times their initial investment.",
        "para2": ""
      }
    },
    "section2": {
      "heading": "Zoom",
      "content": {
        "para1": "Zoom was founded in 2011 by Eric Yuan, a former executive at Cisco. The video conferencing company has a market capitalization of over $100 billion. In 2012, Zoom raised $3 million from angel investors including Qualcomm Ventures and Yahoo co-founder Jerry Yang. They sold their shares in 2019 for $947 million, making a profit of over 300 times their initial investment.",
        "para2": ""
      }
    },
    "section3": {
      "heading": "Ring",
      "content": {
        "para1": "Ring was founded in 2013 by Jamie Siminoff. The smart doorbell company was acquired by Amazon in 2018 for over $1 billion. In 2014, Ring raised $4.5 million from angel investors including Virgin Group founder Richard Branson. He sold his shares in the company for an undisclosed amount, but it is believed to be worth hundreds of millions of dollars, making a profit of several hundred times his initial investment.",
        "para2": ""
      }
    },
    "section4": {
      "heading": "Peloton",
      "content": {
        "para1": "Peloton was founded in 2012 by John Foley. The fitness equipment and media company has a market capitalization of over $30 billion. In 2014, Peloton raised $10.5 million from angel investors including Fidelity Investments and True Ventures. They sold their shares in 2019 for $616 million, making a profit of over 50 times their initial investment.",
        "para2": ""
      }
    },
    "section5": {
      "heading": "Houzz",
      "content": {
        "para1": "Houzz was founded in 2009 by Adi Tatarko and Alon Cohen. The home renovation platform has a market capitalization of over $4 billion. In 2011, Houzz raised $2 million from angel investors including Sequoia Capital and Gary Vaynerchuk. They sold their shares in 2014 for $150 million, making a profit of over 70 times their initial investment.",
        "para2": "These success stories demonstrate the potential for angel investors to make significant profits by investing in startups with high growth potential. However, it's important to note that not all startups succeed and investors should carefully consider the risks and rewards before investing their money."
      }
    }
  },
  {
    "id": 13,
    "type": "Economy and Markets,Industry insights,All",
    "title": "Investing in Fintech Industry: Why it's Worth Considering",
    "date": "8th feb 2023",
    "image": "",
    "heading": "",
    "para1": "The financial technology or fintech industry has been rapidly growing in recent years, with advancements in technology and changing consumer behaviors driving the sector's expansion. Fintech companies are disrupting traditional financial services by offering innovative solutions to long-standing problems in areas such as banking, lending, and investing. This blog will explore why investing in the fintech industry is worth considering for investors looking to diversify their portfolio and gain exposure to a high-growth industry.",
    "para2": "",
    "para3": "",
    "para4": "",
    "para5": "",
    "para6": "",
    "para7": "",
    "section1": {
      "heading": "Growing Market Size",
      "content": {
        "para1": "According to a report by Statista, the global fintech market is projected to reach $460 billion by 2025, with a compound annual growth rate (CAGR) of 23.58% from 2020 to 2025. This growth is fueled by factors such as the increasing adoption of digital banking and payment solutions, rising investments in blockchain technology, and the growing demand for alternative lending platforms.",
        "para2": ""
      }
    },
    "section2": {
      "heading": "Disruptive Innovation",
      "content": {
        "para1": "Fintech companies are disrupting traditional financial services by offering innovative solutions to long-standing problems. For example, peer-to-peer (P2P) lending platforms are providing alternative sources of credit for borrowers who may not have access to traditional bank loans. Digital banking solutions are enabling customers to manage their finances online, providing them with greater convenience and flexibility. These disruptions are changing the way financial services are delivered, and investors who recognize this trend early on could potentially profit from the industry's growth.",
        "para2": ""
      }
    },
    "section3": {
      "heading": "High Growth Potential",
      "content": {
        "para1": "Fintech companies are often startups with a high growth potential. According to a report by KPMG, global fintech investment reached a record high of $117.8 billion in 2020, with investments in the US accounting for nearly half of that total. This growth potential is reflected in the valuations of some of the industry's leading players. For example, Stripe, a digital payment processing company, was valued at $95 billion in its latest funding round, while Robinhood, an investment app, was valued at $11.7 billion in its latest funding round.",
        "para2": ""
      }
    },
    "section4": {
      "heading": "Diversification Opportunity",
      "content": {
        "para1": "Investing in the fintech industry can provide investors with a diversification opportunity. The industry is not limited to a single sector or region, with companies operating in areas such as payments, lending, insurance, and wealth management, among others. Additionally, many fintech companies are global in scope, providing investors with exposure to markets outside their home country.",
        "para2": ""
      }
    },
    "section5": {
      "heading": "Impact on Society",
      "content": {
        "para1": "Fintech companies are not only changing the way financial services are delivered, but they are also having a positive impact on society. For example, alternative lending platforms are providing credit to underserved communities, while digital banking solutions are making financial services more accessible to low-income individuals. Investing in fintech companies can provide investors with a sense of social responsibility by supporting businesses that are working to create positive change."
      }
    },
    "conclusion": "In conclusion, investing in the fintech industry can provide investors with exposure to a high-growth industry with a large addressable market, disruptive innovation, and high growth potential. Additionally, investing in fintech can provide investors with a diversification opportunity and a sense of social responsibility. "
  },
  {
    "id": 14,
    "type": "Economy and Markets,Industry insights,All",
    "title": "Deep Insights into the Startup Ecosystem of India",
    "date": "8th feb 2023",
    "image": "",
    "heading": "",
    "para1": "India's startup ecosystem has been on a rapid growth trajectory over the past decade, with the country emerging as a leading hub for innovation and entrepreneurship. With the government's support and increased availability of funding, the Indian startup ecosystem is expected to continue its growth trajectory in the coming years. In this blog, we'll dive into the deep insights of the startup ecosystem of India.",
    "para3": "",
    "para4": "",
    "para5": "",
    "para6": "",
    "para7": "",
    "section1": {
      "heading": "Growing Number of Startups",
      "content": {
        "para1": "According to a report by Nasscom, India is home to over 50,000 startups, with the country adding around 1,300 startups in 2020 alone. The report also highlights that India ranks third globally in terms of the number of startups, after the US and China. This growing number of startups is a testament to India's entrepreneurial spirit and the supportive ecosystem that exists for startups in the country.",
        "para2": ""
      }
    },
    "section2": {
      "heading": "Strong Government Support",
      "content": {
        "para1": "The Indian government has been actively supporting the growth of startups in the country. Initiatives such as Startup India and Digital India have been launched to provide funding, mentoring, and regulatory support to startups. The government has also launched several schemes, including the Atal Innovation Mission, to promote innovation and entrepreneurship.",
        "para2": ""
      }
    },
    "section3": {
      "heading": "Increased Access to Funding",
      "content": {
        "para1": "Access to funding is essential for the growth of startups, and the Indian startup ecosystem has seen a significant increase in the availability of funding over the past decade. According to a report by KPMG, Indian startups raised over $9.4 billion in funding in 2020, with the majority of funding coming from venture capital and private equity firms. The availability of funding has enabled startups to scale and expand their businesses.",
        "para2": ""
      }
    },
    "section4": {
      "heading": "Emergence of Unicorns",
      "content": {
        "para1": "India has also seen the emergence of several unicorns in recent years, with over 40 companies achieving unicorn status as of 2020. These include companies such as Flipkart, Ola, Paytm, and Zomato, among others. The emergence of unicorns highlights the potential of the Indian startup ecosystem and the opportunities available for investors.",
        "para2": ""
      }
    },
    "section5": {
      "heading": "Thriving Startup Hubs",
      "content": {
        "para1": "India has several thriving startup hubs, including Bengaluru, Delhi-NCR, Mumbai, and Hyderabad, among others. These cities are home to several incubators, accelerators, and co-working spaces, providing a supportive ecosystem for startups to grow and thrive. The availability of talent, infrastructure, and funding in these cities has contributed to their growth as startup hubs."
      }
    },
    "conclusion": "In conclusion, the Indian startup ecosystem is witnessing a period of growth, with the number of startups, government support, availability of funding, and emergence of unicorns contributing to its success. The thriving startup hubs in the country provide a supportive ecosystem for startups to grow and scale their businesses. However, there are still challenges that need to be addressed, such as improving access to talent, regulatory hurdles, and infrastructure bottlenecks. Overall, the future looks bright for the Indian startup ecosystem, and it is poised to emerge as a global leader in innovation and entrepreneurship."
  },
  {
    "id": 15,
    "type": "Investment,Personal Finance,All",
    "title": "Investing in Real Estate Investment Trusts (REITs): A Comprehensive Guide for Investors",
    "date": "8th feb 2023",
    "image": "",
    "heading": "",
    "para1": "Real estate investment trusts, or REITs, are investment vehicles that own and manage properties to generate income for investors. Investors can earn income in the form of dividends from the rent collected by the REITs. REITs offer a unique opportunity for both small and large investors to invest in high-value real estate projects and earn income while gradually increasing their capital. In this blog, we will dive into the deep insights of REITs and explore the various types of REITs, who should invest in REITs, and how to invest in them.",
    "para3": "",
    "para4": "",
    "para5": "",
    "para6": "",
    "para7": "",
    "section1": {
      "heading": "What are REITs?",
      "content": {
        "para1": "REITs are companies that manage portfolios of high-value real estate properties and mortgages. They earn money by renting out properties and passing on the income as dividends to their shareholders. REITs allow investors to earn income while also increasing their capital over time.",
        "para2": ""
      }
    },
    "section2": {
      "heading": "How Can a Company Be Considered a REIT?",
      "content": {
        "para1": "For a company to be eligible to become a REIT, it must adhere to several standards. These include being set up as a corporation or business trust, fully transferable shares, being run by a board of directors or a group of trustees, having at least 100 shareholders, and distributing dividends equal to at least 90% of the taxable income.",
        "para2": ""
      }
    },
    "section3": {
      "heading": "Types of Real Estate Investment Trusts (REITs)",
      "content": {
        "para1": "There are several types of REITs that investors can choose from based on their investment goals. Equity REITs focus on running and overseeing commercial buildings that generate income from rent. Mortgage REITs extend mortgage facilities and make loans to business owners and generate income from interest on the money they lend. Hybrid REITs enable investors to diversify their holdings by investing in both equity and mortgage REITs.",
        "para2": "Individual REITs operate as private placements catering to a small number of investors and are not listed on national securities exchanges. Exchange-traded REITs provide shares that are listed on the National Stock Exchange, while non-traded public REITs are registered with the SEBI and are not publicly traded."
      }
    },
    "section4": {
      "heading": "Who should invest in REITs?",
      "content": {
        "para1": "Investors who have a lot of capital available and are looking for a way to earn income while diversifying their investment portfolio should consider investing in REITs. Institutional investors such as insurance companies, endowments, bank trust departments, and pension funds are among the investors who can profitably invest in REITs.",
        "para2": ""
      }
    },
    "section5": {
      "heading": "How to invest in Real Estate Investment Trusts?",
      "content": {
        "para1": "Investors can purchase shares of a certain REIT that is listed on the main stock exchanges. They can also choose to invest in REITs through mutual funds or exchange-traded funds, which offer diversification benefits. Financial advisors can also help investors choose the best REIT alternative for their investment needs.",
        "para2": " "
      }
    },
    "section6": {
      "heading": "Conclusion",
      "content": {
        "para1": "Investing in REITs offers many benefits, including exposure to commercial real estate without the hassles of owning and maintaining a real estate asset. Professional asset management and low minimum investment are other advantages. However, there are some limitations, such as limited investment possibilities and liquidity. Overall, REITs are a great investment option for those looking to diversify their investment portfolio and earn income.",
        "para2": " "
      }
    },
    "para2": ""
  },
  {
    "id": 16,
    "type": "Startups,Investment,Personal Finance,All",
    "title": "Understanding the Right of First Refusal in Startup Investments",
    "date": "8th feb 2023",
    "image": "",
    "heading": "",
    "para1": "As an investor, you may come across the term Right of First Refusal (ROFR) when investing in a startup or any other business. The ROFR is a legal provision that grants a particular party the option to purchase an asset or property before it is offered to others. This means that if the holder of the ROFR exercises their right, they have the opportunity to match the terms and conditions of any third-party offers and acquire the asset instead of the third party.",
    "para2": "In the context of startup investment platforms, the ROFR is a powerful tool that can be used to protect the interests of parties who have a pre-existing relationship with the asset, such as founders, investors, or partners. For example, a founder may be granted the ROFR in a shareholder agreement to ensure that they have the first option to purchase any shares that another shareholder decides to sell. Alternatively, a co-founder may grant the ROFR to each other in a partnership agreement to ensure that they have the option to purchase each other's shares if one of them wants to sell.",
    "para3": "The ROFR can also be used in the context of corporate governance, particularly for startup companies. Shareholders in a startup may be granted the ROFR to purchase additional shares if another shareholder decides to sell. This can be an effective way to maintain control over a startup and prevent unwanted parties from gaining control.",
    "para4": "The ROFR is also often used in real estate transactions, particularly for properties that are difficult to sell, such as commercial properties, historic buildings, or unique properties. In such cases, the ROFR can give a potential buyer the assurance of knowing that they have the right to purchase the property if the current owner decides to sell. This can be particularly beneficial for tenants who have invested in the property, such as commercial tenants who have spent money on improvements or who have a loyal customer base.",
    "para5": "However, it is important to note that the ROFR is only as strong as the terms of the agreement that grants it. If the terms are too restrictive or narrow, the holder of the right may not be able to exercise it effectively. This can make it difficult for them to acquire the asset if they cannot match the terms and conditions of a third-party offer. Additionally, the ROFR can make the sale process more complicated and time-consuming, as the seller may need to wait for a response before proceeding with the sale.",
    "conclusion": "In conclusion, the ROFR is a legal provision that grants a particular party the option to purchase an asset or property before it is offered to others. In the context of startup investment platforms, the ROFR can be a valuable tool to protect the interests of parties who have a pre-existing relationship with the asset. However, it is important to carefully review the terms of the agreement that grants the ROFR to ensure that it is not too restrictive and does not hinder the sale process. Overall, understanding the ROFR is crucial for investors to make informed investment decisions in startup companies.",
    "para7": "",
    "section1": {
      "heading": "",
      "content": {
        "para1": "",
        "para2": ""
      }
    },
    "section2": {
      "heading": "",
      "content": {
        "para1": "",
        "para2": ""
      }
    },
    "section3": {
      "heading": "",
      "content": {
        "para1": "",
        "para2": ""
      }
    },
    "section4": {
      "heading": "",
      "content": {
        "para1": "",
        "para2": ""
      }
    }
  },
  {
    "id": 17,
    "type": "Investment,Personal Finance,All",
    "title": "Growing Your Business with Startup Incubators: A Guide to Resources, Support, and Success",
    "date": "8th feb 2023",
    "image": "",
    "heading": "",
    "para1": "As an investor, you're always on the lookout for promising startups to invest in. But with so many new businesses emerging, it can be challenging to find the ones with the most potential for growth and success. That's where startup incubators come in. These organizations provide new businesses with the resources, guidance, and support they need to thrive.",
    "para2": "So, what exactly are startup incubators? They're organizations that offer a range of services to help new businesses grow and develop. These services can include mentorship, networking opportunities, access to funding, and even office space. Startup incubators are typically run by experienced entrepreneurs, investors, or other professionals who have the knowledge and expertise to guide startups through the various stages of growth.",
    "para3": "If you're an entrepreneur looking to grow your business, working with a startup incubator can provide you with numerous benefits. First and foremost, you'll have access to a wealth of resources and support services that can help you navigate the challenges of building a successful business. You'll also have the opportunity to connect with experienced mentors who can offer guidance and advice on various aspects of your business, as well as network with other entrepreneurs, investors, and industry experts.",
    "para4": "Another benefit of working with a startup incubator is access to funding opportunities. Many incubators offer direct investment or can connect you with investors who are interested in your business. This can be especially helpful for early-stage companies that may not have the financial resources to grow and develop on their own.",
    "para5": "In exchange for these resources and services, startup incubators typically take an equity stake in the startups they work with. This means that they receive a percentage of the company's ownership in exchange for their support. While this may seem like a downside, it's important to remember that working with an incubator can help you build credibility and attract investors and customers.",
    "conclusion": "In conclusion, startup incubators offer entrepreneurs a wealth of resources, guidance, and support services to help them grow and succeed. By working with an incubator, you'll have access to mentorship, networking, funding, and office space, as well as the opportunity to build credibility and attract investors and customers. If you're looking to take your business to the next level, working with a startup incubator may be the perfect solution.",
    "para7": "",
    "section1": {
      "heading": "",
      "content": {
        "para1": "",
        "para2": ""
      }
    },
    "section2": {
      "heading": "",
      "content": {
        "para1": "",
        "para2": ""
      }
    },
    "section3": {
      "heading": "",
      "content": {
        "para1": "",
        "para2": ""
      }
    },
    "section4": {
      "heading": "",
      "content": {
        "para1": "",
        "para2": ""
      }
    }
  },
  {
    "id": 18,
    "type": "Investment,Economy and Markets,All",
    "title": "The Accredited Investor Framework: Unlocking New Opportunities in the Equity Market",
    "date": "8th feb 2023",
    "image": "",
    "heading": "",
    "para1": "Investing in private equity, angel, or venture capital deals can be a daunting task, but understanding the Accredited Investor Framework can help unlock new investment opportunities. Accredited investors have access to exclusive deals, higher returns on investments, and the satisfaction of being part of the private market scene.",
    "para2": "Accredited investors have stringent financial thresholds and risk mitigation strategies, and they typically prefer to invest in industries they are familiar with, such as tech or healthcare. They also tend to have a more hands-on approach, actively participating in the management and decision-making process of their investments.",
    "para3": "Accredited investors play an essential role in private equity markets and venture capital funding. They provide the funding necessary for startups to grow and innovate, and their experience and knowledge can help companies choose the right option for funding and ensure success. To become an accredited investor, you need to meet certain financial thresholds set by the SEC, such as having a net worth of at least $1 million or an annual income of at least $200,000 for the past two years.",
    "conclusion": "In conclusion, becoming an accredited investor can open up a world of exciting investment opportunities. With the potential for high returns and the satisfaction of being part of something big, why not take the leap and become part of the elite club of accredited investors?",
    "para5": "",
    "para6": "",
    "para7": "",
    "section1": {
      "heading": "",
      "content": {
        "para1": "",
        "para2": ""
      }
    },
    "section2": {
      "heading": "",
      "content": {
        "para1": "",
        "para2": ""
      }
    },
    "section3": {
      "heading": "",
      "content": {
        "para1": "",
        "para2": ""
      }
    },
    "section4": {
      "heading": "",
      "content": {
        "para1": "",
        "para2": ""
      }
    }
  },
  {
    "id": 19,
    "type": "Startups,Investment,Industry insights,All",
    "title": "The Impact of the Walt Disney and 21st Century Fox Merger: A Case Study on Mergers and Acquisitions",
    "date": "8th feb 2023",
    "image": "",
    "heading": "",
    "para1": "The merger and acquisition (M&A) process can be a valuable strategy for companies looking to achieve growth, increase profitability, and gain a competitive advantage in the market. However, it is not without its challenges, as demonstrated by the case study of the Walt Disney Company and 21st Century Fox.",
    "para2": "The strategic and financial drivers behind the merger were clear: Disney was looking to expand its content library and distribution channels, while 21st Century Fox was looking to divest its entertainment assets and focus on news and sports. The acquisition was valued at $71.3 billion and was one of the largest media and entertainment deals in history.",
    "para3": "The impact of the merger on the media and entertainment industry was significant. Disney gained access to a vast content library, including popular franchises like X-Men, Deadpool, and The Simpsons. This helped the company expand its offerings and compete with other streaming services. Additionally, the merger gave Disney control over Fox's cable networks, allowing it to expand its distribution network and reach more audiences. The deal also increased Disney's market share in the industry, making it one of the largest players in the market.",
    "para4": "Despite the benefits, the merger also had its drawbacks. The integration of the two companies resulted in job losses, including those in the entertainment and media industries. This is a common outcome of M&A, as companies look to eliminate duplicate functions and streamline operations to achieve cost savings.",
    "para5": "Companies considering M&A should conduct thorough due diligence and carefully weigh the potential benefits and challenges of the transaction. This involves assessing the strategic fit of the two companies, conducting a financial analysis to determine the potential return on investment, and developing a plan to integrate the two companies.",
    "conclusion": "In conclusion, M&A can be an effective growth strategy for companies in the media and entertainment industry and other sectors. However, it is important to understand the potential benefits and drawbacks of the transaction and carefully plan and execute the integration of the two companies. With careful consideration and execution, M&A can help companies achieve their strategic and financial goals and gain a competitive advantage in the market.",
    "para7": "",
    "section1": {
      "heading": "",
      "content": {
        "para1": "",
        "para2": ""
      }
    },
    "section2": {
      "heading": "",
      "content": {
        "para1": "",
        "para2": ""
      }
    },
    "section3": {
      "heading": "",
      "content": {
        "para1": "",
        "para2": ""
      }
    },
    "section4": {
      "heading": "",
      "content": {
        "para1": "",
        "para2": ""
      }
    }
  },
  {
    "id": 20,
    "type": "Economy and Markets,Industry insights,All",
    "title": "Indian Startup Success Stories: Why Investors Should Keep an Eye on the Booming Indian Startup Ecosystem",
    "date": "8th feb 2023",
    "image": "",
    "heading": "",
    "para1": "India's startup ecosystem has been gaining momentum in recent years, attracting attention from investors worldwide. With a growing market and a talented workforce, India has become a hub for startups that are making a significant impact on the global stage. Here are some of the top Indian startup success stories that demonstrate the potential of the Indian startup ecosystem.",
    "para2": "Flipkart, Ola, Zomato, and Byju's are all examples of Indian startups that have achieved significant success in their respective industries. Flipkart, for example, started as an online bookstore and quickly expanded into a diverse e-commerce platform. It was eventually acquired by Walmart for $16 billion, making it one of the biggest acquisitions in Indian startup history. Ola, on the other hand, is India's leading ride-hailing service and has raised over $3 billion in funding. Similarly, Zomato is a food delivery and restaurant discovery platform that operates in over 24 countries and raised $1.3 billion in its IPO in 2021. Byju's, an edtech company that provides online learning resources to students, is valued at over $16 billion and has been particularly successful during the pandemic.",
    "para3": "These success stories are not only impressive in their own right but also serve as inspiration for other entrepreneurs looking to make a mark in the Indian startup ecosystem. With a supportive government and a growing market, India is poised to continue producing successful startups that have a significant impact on the global stage.",
    "para4": "For investors, these success stories highlight the potential for significant returns on investment in the Indian startup ecosystem. With a diverse range of industries, from e-commerce to edtech, and a large and growing market, Indian startups offer investors a unique opportunity to tap into a fast-growing economy with significant potential for growth.",
    "conclusion": "In conclusion, Indian startups have made a significant impact on the global stage and offer investors a unique opportunity to tap into a fast-growing economy with significant potential for growth. With a supportive government and a talented workforce, the Indian startup ecosystem is poised to continue producing successful startups in the years to come. Investors who keep an eye on the Indian startup ecosystem stand to benefit from the potential for significant returns on investment.",
    "para6": "",
    "para7": "",
    "section1": {
      "heading": "",
      "content": {
        "para1": "",
        "para2": ""
      }
    },
    "section2": {
      "heading": "",
      "content": {
        "para1": "",
        "para2": ""
      }
    },
    "section3": {
      "heading": "",
      "content": {
        "para1": "",
        "para2": ""
      }
    },
    "section4": {
      "heading": "",
      "content": {
        "para1": "",
        "para2": ""
      }
    }
  },
  {
    "id": 21,
    "type": "Economy and Markets,Industry insights,All",
    "title": "Emerging trends and government initiatives for startups in India: An Investor's Guide",
    "date": "8th feb 2023",
    "image": "",
    "heading": "",
    "para1": "India's startup industry is continuously evolving and adapting to new trends and technologies. Health-tech, sustainability, artificial intelligence, fintech, and remote work are some of the emerging trends that are shaping the industry today. These trends demonstrate the diversity and adaptability of the Indian startup industry, as startups embrace new technologies and consumer trends to meet the evolving needs of Indian consumers.",
    "para2": "The Indian government has taken several steps to support the growth of the country's startup ecosystem. The establishment of the Startup India Fund, regulatory reforms to make it easier for startups to do business, incubation centers to support early-stage startups, and skill development programs to create a pool of skilled workers are some of the government initiatives for startups in India. These policies and initiatives have helped to create a more favorable environment for startups to thrive, and successful entrepreneurs and industry experts agree that they have had a significant impact on the growth of the startup ecosystem in India.",
    "para3": "Investors looking to invest in India's startup industry should take note of these emerging trends and government initiatives. The trends highlight the areas where startups are likely to have the most impact, and the government initiatives show that the Indian government is committed to supporting the growth of the startup ecosystem. By investing in startups that are leveraging these emerging trends and benefiting from government initiatives, investors can position themselves to take advantage of the growth potential of India's startup industry.",
    "conclusion": "In conclusion, India's startup industry is evolving, with emerging trends and government initiatives shaping the industry today. As startups continue to innovate and adapt to new challenges, the future of the Indian startup ecosystem looks bright and promising for investors looking to invest in this dynamic and growing industry.",
    "para5": "",
    "para6": "",
    "para7": "",
    "section1": {
      "heading": "",
      "content": {
        "para1": "",
        "para2": ""
      }
    },
    "section2": {
      "heading": "",
      "content": {
        "para1": "",
        "para2": ""
      }
    },
    "section3": {
      "heading": "",
      "content": {
        "para1": "",
        "para2": ""
      }
    },
    "section4": {
      "heading": "",
      "content": {
        "para1": "",
        "para2": ""
      }
    }
  }
]